{"_runtime":189.507404421,"train/num_tokens":9378,"train_steps_per_second":0.048,"train_loss":2.5628075069851346,"train/epoch":3,"train/global_step":9,"_timestamp":1.7529710066393356e+09,"train/mean_token_accuracy":0.58050447040134,"_step":0,"total_flos":2.18644722221056e+14,"train_runtime":185.9948,"train_samples_per_second":0.161,"_wandb":{"runtime":189}}